{
    "ctr_logreg_auc": 0.8140269992993694,
    "ctr_logreg_log_loss": 0.5305060669517274,
    "ctr_random_forest_auc": 0.8912615854268842,
    "ctr_random_forest_log_loss": 0.43254058014508273,
    "cvr_random_forest_auc": 0.8405677550909721,
    "cvr_random_forest_f1": 0.6726012404232032
}